"Txhash","Blockno","UnixTimestamp","DateTime","From","To","ContractAddress","Value_IN(ETH)","Value_OUT(ETH)","CurrentValue @ $3206.72661034761/ETH","TxnFee(ETH)","TxnFee(USD)","Historical $Price/ETH","Status","ErrCode","Method"
"0x6dceb6424b9e0228691d1c2261530dc7b16e413e26a28b21f685ee24bbfc7141","12576277","1711941901","2024-04-01 03:25:01","0x14270e982a655abf7927ab4ffc11142ddecda25d","0x3fc91a3afd70395cd496c647d5a6cc9d4b2b7fad","","0","0.027510331246490896","88.2181112675997","0.000042814153906467","0.137293286631386","3505.52","","","Execute",""
"0x31471cab3e4b8adc987a9421e113cfeced0edba48f8ef771b198822220e7b46e","12579171","1711947689","2024-04-01 05:01:29","0x14270e982a655abf7927ab4ffc11142ddecda25d","0x0028e1e60167b48a938b785aa5292917e7eaca8b","","0","0","0","0.000007575448808153","0.0242923932784303","3505.52","","","Approve",""
"0xf946d64b519b80ee46c91751dc256e08d5f056681beff3d0f3b043e92efe1c24","12579171","1711947689","2024-04-01 05:01:29","0x14270e982a655abf7927ab4ffc11142ddecda25d","0x3fc91a3afd70395cd496c647d5a6cc9d4b2b7fad","","0","0","0","0.000030857512952908","0.0989516079152361","3505.52","","","Execute",""
"0x2bab12afbefd2e6273c2da3851dfe86ba3f536b8b098f73b70fd4690e0949147","12579370","1711948087","2024-04-01 05:08:07","0x08914a349c8a697ff3da18083eb4a59a9e1e460b","0x14270e982a655abf7927ab4ffc11142ddecda25d","","0.054997588949352968","0","176.36223198885","0.000004328162666819","0.0138792343976016","3505.52","","","Transfer",""
"0x6825a7a5bd1a940ce75b98128ccbb8269b17768083003f10daaabf253dd6cdf8","12580403","1711950153","2024-04-01 05:42:33","0x14270e982a655abf7927ab4ffc11142ddecda25d","0x3fc91a3afd70395cd496c647d5a6cc9d4b2b7fad","","0","0.028","89.7883450897331","0.000017129980248406","0.0549311634972925","3505.52","","","Execute",""
"0x962af6d6848d1e81a20580e8cd3eda74c7159f0a7a54b156fa016ef9d42bf43a","12583770","1711956887","2024-04-01 07:34:47","0x14270e982a655abf7927ab4ffc11142ddecda25d","0x0e0c9756a3290cd782cf4ab73ac24d25291c9564","","0","0","0","0.000006654641480512","0.0213396159178808","3505.52","","","Approve",""
"0x461850c8cdd737a5f1d183e0937e0299275399bd7ca071df1a318a8afcc55342","12583771","1711956889","2024-04-01 07:34:49","0x14270e982a655abf7927ab4ffc11142ddecda25d","0x3fc91a3afd70395cd496c647d5a6cc9d4b2b7fad","","0","0","0","0.000023882840292163","0.0765857394955612","3505.52","","","Execute",""
"0x037d8887b11d419cb7eb7fddad8da312f537629408666ec8b59ced5f8b781f87","12595157","1711979661","2024-04-01 13:54:21","0x14270e982a655abf7927ab4ffc11142ddecda25d","0x3fc91a3afd70395cd496c647d5a6cc9d4b2b7fad","","0","0","0","0.00006216298995712","0.199339714074268","3505.52","Error(0)","execution reverted","Execute",""
"0xeeecf47b563942586221dde6f23421f9e7938e29a23deb27c485dd62747b9e88","12595172","1711979691","2024-04-01 13:54:51","0x14270e982a655abf7927ab4ffc11142ddecda25d","0x3fc91a3afd70395cd496c647d5a6cc9d4b2b7fad","","0","0","0","0.000059731886226973","0.19154382905029","3505.52","","","Execute",""
"0xe7683f968442ba9f0ffa109c613fd17bf3b8a7d80096a649cda17fc6610b4c2c","12607912","1712005171","2024-04-01 20:59:31","0x14270e982a655abf7927ab4ffc11142ddecda25d","0x3fc91a3afd70395cd496c647d5a6cc9d4b2b7fad","","0","0.029","92.9950717000807","0.000102293682949398","0.328027875184296","3505.52","","","Execute",""
"0x43e67c2e3ff611ae39c577d6645436f0b1f12b305b65170f45c7460c071f78e5","12609412","1712008171","2024-04-01 21:49:31","0x14270e982a655abf7927ab4ffc11142ddecda25d","0x3fc91a3afd70395cd496c647d5a6cc9d4b2b7fad","","0","0.0072","23.0884315945028","0.000050421863358695","0.161689130975638","3505.52","","","Execute",""
"0x26dbe10929d899f055cfddd824be0cca31eb7c0fed643f126f7dd57520fb4824","12609768","1712008883","2024-04-01 22:01:23","0x14270e982a655abf7927ab4ffc11142ddecda25d","0x1f3d1d87ba637201b0006672e9bb98800e33b670","","0","0","0","0.000017759299564359","0.0569492184941647","3505.52","","","Approve",""
"0x2bdb4a0ec79a1d597f96aab1e442c0bde759b6200e3338bf7bf03cce420f8728","12609768","1712008883","2024-04-01 22:01:23","0x14270e982a655abf7927ab4ffc11142ddecda25d","0x3fc91a3afd70395cd496c647d5a6cc9d4b2b7fad","","0","0","0","0.000059815122776491","0.191810745908583","3505.52","","","Execute",""
"0x053dfeb67f79f23b7b9ab9322b69252d667cde3bfe5fda2181561e65d431fd90","12609974","1712009295","2024-04-01 22:08:15","0x14270e982a655abf7927ab4ffc11142ddecda25d","0xac7d7eeed35d30524274d9cb6e032067b37d99b4","","0","0.0201","64.455204867987","0.000009186627006361","0.0294590012806358","3505.52","","","Transfer",""
"0x5e92e9c0ba536f508cb507875c895d5a3abb37dc9b76dd81ba3feb93109f1fe4","12617081","1712023509","2024-04-02 02:05:09","0x14270e982a655abf7927ab4ffc11142ddecda25d","0xb8d98a102b0079b69ffbc760c8d857a31653e56e","","0","0","0","0.00000476089216882","0.0152668796067506","3279.40","","","Approve",""
"0x23960495340625411c9f7b2420cbf04a8d51f293cd71f4e87977027e9c0457aa","12617082","1712023511","2024-04-02 02:05:11","0x14270e982a655abf7927ab4ffc11142ddecda25d","0x3fc91a3afd70395cd496c647d5a6cc9d4b2b7fad","","0","0","0","0.000016073054098292","0.0515418902865497","3279.40","","","Execute",""
"0x57440f7d7636fdcd0c59bc5e1b503a14d4857a0dfaf7b991a1ac45bbc4cd39b7","12619225","1712027797","2024-04-02 03:16:37","0x14270e982a655abf7927ab4ffc11142ddecda25d","0x3fc91a3afd70395cd496c647d5a6cc9d4b2b7fad","","0","0.05","160.336330517381","0.00001247176535078","0.0399935418283575","3279.40","","","Execute",""
"0xa20c13d9265d5d5b3061be120934e9277e2553e82bf0c7f3560e8ce9435de39b","12620136","1712029619","2024-04-02 03:46:59","0x14270e982a655abf7927ab4ffc11142ddecda25d","0xc2009422e9a2d3f28a03c45dc45f0b2fd6ee791f","","0","0.0003","0.962017983104283","0.000003937236444085","0.0126256408764778","3279.40","","","Transfer",""
"0x0d2166c19af9d42de067891fd5a3891c9e8847ec67f086bcbd7a4594c74eb9fd","12620249","1712029845","2024-04-02 03:50:45","0x14270e982a655abf7927ab4ffc11142ddecda25d","0xc2009422e9a2d3f28a03c45dc45f0b2fd6ee791f","","0","0.006","19.2403596620857","0.000004353504655182","0.0139604992260443","3279.40","","","Transfer",""
"0x96af84f1f9acf218d0ff349f6d1fadc53597ca2ed14cf312a4ba65526557a2c8","12620286","1712029919","2024-04-02 03:51:59","0x14270e982a655abf7927ab4ffc11142ddecda25d","0x5162a06cba28a26ac09662da4d7318ef6359bb83","","0","0.006","19.2403596620857","0.000004667838287945","0.0149684812507527","3279.40","","","Transfer",""
"0xd651236b2723b283de29b5a96a819af7a29993f6db805cf6306ea2ffaccc9655","12620586","1712030519","2024-04-02 04:01:59","0xb4807865a786e9e9e26e6a9610f2078e7fc507fb","0x14270e982a655abf7927ab4ffc11142ddecda25d","","0.0111651","0","35.8034232771921","0.000005471090339141","0.0175442909781392","3279.40","","","Transfer",""
"0x289da699643a3a0a3fa66ae241e865a6cb071870645cc5fa7a680f89067a59ed","12659338","1712108023","2024-04-03 01:33:43","0x14270e982a655abf7927ab4ffc11142ddecda25d","0x3fc91a3afd70395cd496c647d5a6cc9d4b2b7fad","","0","0.0094","30.1432301372675","0.000016777356511547","0.0538003955768665","3312.24","","","Execute",""
"0x8b11e7c7b816fc0f2cd1437e78f6da56f732eb8b9ef89d60282eb984e24645c3","12660261","1712109869","2024-04-03 02:04:29","0x14270e982a655abf7927ab4ffc11142ddecda25d","0x3fc91a3afd70395cd496c647d5a6cc9d4b2b7fad","","0","0.0046","14.750942407599","0.000014854050416985","0.0476328787435908","3312.24","Error(0)","execution reverted","Execute",""
"0x6b66a837f20e79e6c92871b19ecc8c98a115528cd6e6d12e7b6f084323321103","12660278","1712109903","2024-04-03 02:05:03","0x14270e982a655abf7927ab4ffc11142ddecda25d","0x3fc91a3afd70395cd496c647d5a6cc9d4b2b7fad","","0","0.0046","14.750942407599","0.000013285529095494","0.042603059683068","3312.24","Error(0)","execution reverted","Execute",""
"0xd279a309d72a02f949f3a037985def160e5e13df42f7b92d7d685de42a86d327","12660326","1712109999","2024-04-03 02:06:39","0x14270e982a655abf7927ab4ffc11142ddecda25d","0x3fc91a3afd70395cd496c647d5a6cc9d4b2b7fad","","0","0.0031","9.94085249207759","0.000020548771999832","0.0658942939818271","3312.24","Error(0)","execution reverted","Execute",""
"0x24de5d3e1e2988b7be06544a98b3329a6edf784d884ae60264a92a8ee0a90b14","12663513","1712116373","2024-04-03 03:52:53","0x14270e982a655abf7927ab4ffc11142ddecda25d","0x3fc91a3afd70395cd496c647d5a6cc9d4b2b7fad","","0","0.00305","9.78051616156021","0.00001794456127239","0.0575433021431862","3312.24","","","Execute",""
"0x521b543701248853d2b768e9a0a459ad7cb16653664d2272d10099f68cf05867","12663836","1712117019","2024-04-03 04:03:39","0x14270e982a655abf7927ab4ffc11142ddecda25d","0x3fc91a3afd70395cd496c647d5a6cc9d4b2b7fad","","0","0.0061","19.5610323231204","0.000019266519414991","0.0617824604968305","3312.24","","","Execute",""
"0xb16aecca38c41a52e891db94d4116244adeb81ac77a7d87f59cc490e748db8c7","12664250","1712117847","2024-04-03 04:17:27","0x14270e982a655abf7927ab4ffc11142ddecda25d","0x3fc91a3afd70395cd496c647d5a6cc9d4b2b7fad","","0","0.00454","14.5585388109781","0.000012222245395688","0.0391933995485513","3312.24","","","Execute",""
"0x422aa981df3cc34ca937211b4c187f92d32964e24590b8ed0ffcba538e0bc48e","12665518","1712120383","2024-04-03 04:59:43","0x14270e982a655abf7927ab4ffc11142ddecda25d","0x0028e1e60167b48a938b785aa5292917e7eaca8b","","0","0","0","0.000006600287250039","0.0211653167606381","3312.24","","","Transfer",""
"0x79012f961fd1308a7233d9508acb38a9a0edac4c24f67416e24e07f93201d139","12711106","1712211559","2024-04-04 06:19:19","0x14270e982a655abf7927ab4ffc11142ddecda25d","0x3fc91a3afd70395cd496c647d5a6cc9d4b2b7fad","","0","0.00305","9.78051616156021","0.000001437746630079","0.00461046037761193","3329.17","","","Execute",""
"0x67c8daa3bb7ae1ac14fc71309bde21cb7ba69fb00770ac41ad0c30e332626196","12740195","1712269737","2024-04-04 22:28:57","0x14270e982a655abf7927ab4ffc11142ddecda25d","0x3fc91a3afd70395cd496c647d5a6cc9d4b2b7fad","","0","0.0006","1.92403596620857","0.000004923519263032","0.0157883802373238","3329.17","Error(0)","execution reverted","Execute",""
"0xa5c6d1e975971e752412185982ec042da615c1f3222897ed5518e22eadfc2c26","12740212","1712269771","2024-04-04 22:29:31","0x14270e982a655abf7927ab4ffc11142ddecda25d","0x3fc91a3afd70395cd496c647d5a6cc9d4b2b7fad","","0","0.0006","1.92403596620857","0.000003726340921574","0.0119493565924386","3329.17","","","Execute",""
"0x45cca25131755d67c452f91731b02461ac224c69396758f2a56c6bfb68f8f621","12740235","1712269817","2024-04-04 22:30:17","0x14270e982a655abf7927ab4ffc11142ddecda25d","0x7b72bf38b06969a0989cb4ff8888484f4fc59883","","0","0","0","0.000001501346682447","0.0048144083579599","3329.17","","","Approve",""
"0x03c480779612fbf54f46effcb593cb5d1bb94c4f0406a4da42026f59564fe3de","12740236","1712269819","2024-04-04 22:30:19","0x14270e982a655abf7927ab4ffc11142ddecda25d","0x3fc91a3afd70395cd496c647d5a6cc9d4b2b7fad","","0","0","0","0.000005079084299714","0.0162872347800916","3329.17","","","Execute",""
"0x7c2e384e98e44d652cef0f4c950d57438f79a06f1b0f99199c211aa1d84cb3cd","12740267","1712269881","2024-04-04 22:31:21","0x14270e982a655abf7927ab4ffc11142ddecda25d","0x3fc91a3afd70395cd496c647d5a6cc9d4b2b7fad","","0","0.00723","23.1846333928132","0.000004153908942934","0.0133204503442674","3329.17","Error(0)","execution reverted","Execute",""
"0x10bca1fe4c2ead723fd7cb2174ca60c3b8427eacef78782153a2b3733477e27a","12740286","1712269919","2024-04-04 22:31:59","0x14270e982a655abf7927ab4ffc11142ddecda25d","0x3fc91a3afd70395cd496c647d5a6cc9d4b2b7fad","","0","0.00723","23.1846333928132","0.000003343425372676","0.0107214511122715","3329.17","","","Execute",""
"0x3cb91e124c76ea34489ac1b157e4bdfa78d8893fadb5aa21717d32b446cdaa6c","12741034","1712271415","2024-04-04 22:56:55","0x14270e982a655abf7927ab4ffc11142ddecda25d","0x3fc91a3afd70395cd496c647d5a6cc9d4b2b7fad","","0","0.00605","19.400695992603","0.000002616912851347","0.00839172407737506","3329.17","","","Execute",""
"0xec814e0c7fbe39d80de07c951b6994f8ffa4cbaad96589df75723fee44183c20","12742378","1712274103","2024-04-04 23:41:43","0x14270e982a655abf7927ab4ffc11142ddecda25d","0x3fc91a3afd70395cd496c647d5a6cc9d4b2b7fad","","0","0","0","0.000001926425629057","0.00617752032755272","3329.17","Error(0)","execution reverted","Execute",""
"0x68d85a871fd173e6ae5274cd433a1c2483377177b75db295799d414cdca718c1","12742385","1712274117","2024-04-04 23:41:57","0x14270e982a655abf7927ab4ffc11142ddecda25d","0x3fc91a3afd70395cd496c647d5a6cc9d4b2b7fad","","0","0","0","0.000001634709971398","0.00524206796548255","3329.17","","","Execute",""
"0x49ef2de76e19cfbc9d3ab3715eed7b30b110ae089d8aab93ceff979fa3d82182","12742611","1712274569","2024-04-04 23:49:29","0x14270e982a655abf7927ab4ffc11142ddecda25d","0x3fc91a3afd70395cd496c647d5a6cc9d4b2b7fad","","0","0.00456","14.6226733431851","0.000001824739461","0.00585144058654005","3329.17","Error(0)","execution reverted","Execute",""
"0xaffabcfc22dd6fef058c5be27871766f07e91fe6fd9515ea54883da4786948a1","12742618","1712274583","2024-04-04 23:49:43","0x14270e982a655abf7927ab4ffc11142ddecda25d","0x3fc91a3afd70395cd496c647d5a6cc9d4b2b7fad","","0","0.00456","14.6226733431851","0.000001518366761773","0.00486898709924481","3329.17","","","Execute",""
"0xb643676acfcd65ad5b8a97bd2831cd3d0677d6b1c34c892c11ba9ac96103868d","12743203","1712275753","2024-04-05 00:09:13","0x14270e982a655abf7927ab4ffc11142ddecda25d","0x3fc91a3afd70395cd496c647d5a6cc9d4b2b7fad","","0","0.00456","14.6226733431851","0.000002021611548924","0.00648275554972064","3319.12","Error(0)","execution reverted","Execute",""
"0xde1ffba660e8518fb1416147401054b83e8440810919babc03e9617d91502777","12743224","1712275795","2024-04-05 00:09:55","0x14270e982a655abf7927ab4ffc11142ddecda25d","0x3fc91a3afd70395cd496c647d5a6cc9d4b2b7fad","","0","0.00456","14.6226733431851","0.000001882119035502","0.00603544119498604","3319.12","Error(0)","execution reverted","Execute",""
"0xc0e8d5dcfe259604d68f768d33251836b2d1c7e45ee205f6ce93afd0d7b3acd4","12743237","1712275821","2024-04-05 00:10:21","0x14270e982a655abf7927ab4ffc11142ddecda25d","0x3fc91a3afd70395cd496c647d5a6cc9d4b2b7fad","","0","0.00456","14.6226733431851","0.000001665651837072","0.00534129006951316","3319.12","","","Execute",""
"0x43ff1ba12b8b8f20d758634f45fe47dd7cbd2e776a18b665321da90df908cffd","12745645","1712280637","2024-04-05 01:30:37","0x14270e982a655abf7927ab4ffc11142ddecda25d","0x3fc91a3afd70395cd496c647d5a6cc9d4b2b7fad","","0","0.0032","10.2615251531124","0.000004702708565391","0.015080300697349","3319.12","","","Execute",""
"0x0fa015ec362fe4cc315a6ace6e29c956319be7f220b1f422bcb110022ecac1c0","12747177","1712283701","2024-04-05 02:21:41","0x14270e982a655abf7927ab4ffc11142ddecda25d","0x3fc91a3afd70395cd496c647d5a6cc9d4b2b7fad","","0","0","0","0.000003698839546627","0.0118611672015749","3319.12","","","Execute",""
"0xf8487599f5626971742d7327af12a8e1a7fd3329714c87dc4c9b9da2dd8735e3","12749819","1712288985","2024-04-05 03:49:45","0x14270e982a655abf7927ab4ffc11142ddecda25d","0x3fc91a3afd70395cd496c647d5a6cc9d4b2b7fad","","0","0.0062","19.8817049841552","0.000001683596442144","0.00539883351210972","3319.12","","","Execute",""
"0x22160a8e3c99fd3573ef6fd737b21b1cc323a4222446fd97e96da46fc4b8690f","12777687","1712344721","2024-04-05 19:18:41","0x14270e982a655abf7927ab4ffc11142ddecda25d","0x3fc91a3afd70395cd496c647d5a6cc9d4b2b7fad","","0","0","0","0.000025171660350145","0.0807186330714418","3319.12","","","Execute",""
"0xc25ef3ae8fb9b2cba2b0594b9ba8e330296405e76dfdd8aa2f3c15733b814fe2","12788866","1712367079","2024-04-06 01:31:19","0x14270e982a655abf7927ab4ffc11142ddecda25d","0x3fc91a3afd70395cd496c647d5a6cc9d4b2b7fad","","0","0","0","0.000003881353664482","0.0124464400800646","3352.40","","","Execute",""
"0x4aaa02dc8e35bebef840982ee3fba51a5b6f3e39f744034b8fba4d818ef17ad6","12812361","1712414069","2024-04-06 14:34:29","0x14270e982a655abf7927ab4ffc11142ddecda25d","0x3fc91a3afd70395cd496c647d5a6cc9d4b2b7fad","","0","0","0","0.000012572212314333","0.0403156477793115","3352.40","","","Execute",""
"0x19171d146dc5e4186f231f6f4010eb8ced0026a0f806bcf594fb23b8836eb2ee","12812894","1712415135","2024-04-06 14:52:15","0x14270e982a655abf7927ab4ffc11142ddecda25d","0x3fc91a3afd70395cd496c647d5a6cc9d4b2b7fad","","0","0.0015","4.81008991552141","0.000045707036064296","0.146569968827496","3352.40","Error(0)","execution reverted","Execute",""
"0x5510bc01a7211ad3cf9d82732683d9c46f0ca200792b33d6621e9a8e9aad365e","12812960","1712415267","2024-04-06 14:54:27","0x14270e982a655abf7927ab4ffc11142ddecda25d","0x3fc91a3afd70395cd496c647d5a6cc9d4b2b7fad","","0","0.0015","4.81008991552141","0.000043169056560953","0.138431362417609","3352.40","","","Execute",""
"0xfce45bcbcd7a28c0b4974a1a7e59ac4b73c051c5c1d287c2f5652d9132e0ac7f","12866856","1712523059","2024-04-07 20:50:59","0x14270e982a655abf7927ab4ffc11142ddecda25d","0x3fc91a3afd70395cd496c647d5a6cc9d4b2b7fad","","0","0.003","9.62017983104283","0.00003400810162439","0.109054684446337","3453.85","","","Execute",""
"0xe70b41560fda293f3e979952a05623065033307341cfaebd3a20883e45940c8f","12867025","1712523397","2024-04-07 20:56:37","0x14270e982a655abf7927ab4ffc11142ddecda25d","0x3fc91a3afd70395cd496c647d5a6cc9d4b2b7fad","","0","0","0","0.000031766500478586","0.101866482402302","3453.85","","","Execute",""
"0xb050e5a103609abfec4cb6330dd3abd790a0bb4d1cb2f79e6113dc58c9f664ab","12873417","1712536181","2024-04-08 00:29:41","0x14270e982a655abf7927ab4ffc11142ddecda25d","0x3fc91a3afd70395cd496c647d5a6cc9d4b2b7fad","","0","0.044","141.095970855295","0.000021301449501747","0.0683079249562279","3694.70","","","Execute",""
"0xdea628de8397ecc75b1d9005c971d55c310b359aa484778b44ec73abdbb5dc9a","12873677","1712536701","2024-04-08 00:38:21","0x14270e982a655abf7927ab4ffc11142ddecda25d","0x3fc91a3afd70395cd496c647d5a6cc9d4b2b7fad","","0","0.0437","140.133952872191","0.000021579633761622","0.069199985824949","3694.70","","","Execute",""
"0x9b83d9317d58dced80ce691be6edc4e9844713e77a1e4c005995b74353e77f45","12875858","1712541063","2024-04-08 01:51:03","0x14270e982a655abf7927ab4ffc11142ddecda25d","0x3fc91a3afd70395cd496c647d5a6cc9d4b2b7fad","","0","0","0","0.000023181070819628","0.0743353566536536","3694.70","","","Execute",""
"0x54de1cb4d8a67314a67b6b4fa9148d1b1ada05d5c1d15e6d24f6e806d798f098","12878303","1712545953","2024-04-08 03:12:33","0x14270e982a655abf7927ab4ffc11142ddecda25d","0x3fc91a3afd70395cd496c647d5a6cc9d4b2b7fad","","0","0.0003","0.962017983104283","0.0000206575345949","0.0662430658896422","3694.70","","","Execute",""
"0x7ec60af45b3a85ba68b9b6f026f4ecf7e9be716cbe3a825e48dcb4cda3a9ea3d","12878326","1712545999","2024-04-08 03:13:19","0x14270e982a655abf7927ab4ffc11142ddecda25d","0x3a3edde16098f71bf8873c64ff0eb3009d881d33","","0","0","0","0.00000716978903456","0.0229915532877021","3694.70","","","Approve",""
"0xd7cce510870f67e44b570ce7ae4cef6dcbfe0ab4a629e8d610cf0783571e8d60","12878326","1712545999","2024-04-08 03:13:19","0x14270e982a655abf7927ab4ffc11142ddecda25d","0x3fc91a3afd70395cd496c647d5a6cc9d4b2b7fad","","0","0","0","0.000026704210398548","0.0856331020933452","3694.70","","","Execute",""
"0x2fac81d119528c9d71f6dda7b7ab9f2b593d29c2a9e10018d5229d33e366498f","12878362","1712546071","2024-04-08 03:14:31","0x14270e982a655abf7927ab4ffc11142ddecda25d","0x3fc91a3afd70395cd496c647d5a6cc9d4b2b7fad","","0","0.0015","4.81008991552141","0.000021047375087332","0.0674931777705149","3694.70","","","Execute",""
"0xf9be345badb75320a636da686b423352c36620765176042e00ef715d625c3961","12878503","1712546353","2024-04-08 03:19:13","0x14270e982a655abf7927ab4ffc11142ddecda25d","0x3fc91a3afd70395cd496c647d5a6cc9d4b2b7fad","","0","0","0","0.000020661545385226","0.0662559273977091","3694.70","","","Execute",""
"0x5fd33247f679403f5633f60bb50a36b2368f766e1093b69d0f8a608e891e4938","12878524","1712546395","2024-04-08 03:19:55","0x14270e982a655abf7927ab4ffc11142ddecda25d","0x3fc91a3afd70395cd496c647d5a6cc9d4b2b7fad","","0","0","0","0.000020467690001314","0.0656342861795593","3694.70","","","Execute",""
"0x96fa6416ffdc1922de882537d2f632fd47a562030ef8d0a18bbe606b4aeaf552","12879425","1712548197","2024-04-08 03:49:57","0x14270e982a655abf7927ab4ffc11142ddecda25d","0x3fc91a3afd70395cd496c647d5a6cc9d4b2b7fad","","0","0.03","96.2017983104283","0.00001450268872428","0.0465061578537369","3694.70","","","Execute",""
"0x2b0abb7f3cab4dab8bac70f820bd4a24ab3bbf5652fd2af154da95a069769a6b","12879695","1712548737","2024-04-08 03:58:57","0x14270e982a655abf7927ab4ffc11142ddecda25d","0x3fc91a3afd70395cd496c647d5a6cc9d4b2b7fad","","0","0","0","0.000013493212766286","0.0432690444367314","3694.70","","","Execute",""
"0x7a74589b87411614bf25f1d6e0f28d2f86763d5c537d6e7f563e76f465967d10","12884511","1712558369","2024-04-08 06:39:29","0x14270e982a655abf7927ab4ffc11142ddecda25d","0x3fc91a3afd70395cd496c647d5a6cc9d4b2b7fad","","0","0.0441","141.41664351633","0.000003871838202177","0.0124159265938814","3694.70","","","Execute",""
"0xdcc5e17824749ae9e1798fc60a9bf28cdfe6ef5b5bbca4c5041717419e5115ae","12886079","1712561505","2024-04-08 07:31:45","0x14270e982a655abf7927ab4ffc11142ddecda25d","0x3fc91a3afd70395cd496c647d5a6cc9d4b2b7fad","","0","0.146","468.182085110751","0.000006895726596085","0.0221127099733475","3694.70","","","Execute",""
"0x6c7b766c542938527cfbd230775b6c626cbcb309916e7934b357fbb886e8b4f1","12916810","1712622967","2024-04-09 00:36:07","0x14270e982a655abf7927ab4ffc11142ddecda25d","0x3fc91a3afd70395cd496c647d5a6cc9d4b2b7fad","","0","0.0675","216.454046198464","0.000012040156920122","0.0386094915885161","3504.83","","","Execute",""
"0x2fa4111556b202becdf0a9378b8185fd79f540ba3fec94f958ea040b968148e1","12917071","1712623489","2024-04-09 00:44:49","0x14270e982a655abf7927ab4ffc11142ddecda25d","0x3fc91a3afd70395cd496c647d5a6cc9d4b2b7fad","","0","0.0275","88.1849817845593","0.000011509990175982","0.0369093917821611","3504.83","","","Execute",""
"0xa296f001b3ef91eb865e6a3a1deb33d4044efa22a1a56555a653e8bc8ed5abdf","12917237","1712623821","2024-04-09 00:50:21","0x14270e982a655abf7927ab4ffc11142ddecda25d","0x02def7bdb9bfb744cd7f77f83b90e807038a001d","","0","0","0","0.000004314277424145","0.0138347082204277","3504.83","","","Approve",""
"0x250ad6dc1ce3b10f377ca87e59879fffce8cd7668231d92ec23aeb5803e77df2","12917237","1712623821","2024-04-09 00:50:21","0x14270e982a655abf7927ab4ffc11142ddecda25d","0x3fc91a3afd70395cd496c647d5a6cc9d4b2b7fad","","0","0","0","0.000014116842235959","0.0452688536521288","3504.83","","","Execute",""
"0x3d63cb1afc42aba9c699fc525fbe901d6a2eb3eb5d9eae8c03a3f75468b9a390","12924464","1712638275","2024-04-09 04:51:15","0x14270e982a655abf7927ab4ffc11142ddecda25d","0x3fc91a3afd70395cd496c647d5a6cc9d4b2b7fad","","0","0.068","218.057409503638","0.000004864198608209","0.0155981551149596","3504.83","","","Execute",""
"0x03b100d0c2b9e2487375ef8473d4c590dc205cab6ea6fc8aa447a812bf5a4903","13056358","1712902063","2024-04-12 06:07:43","0x14270e982a655abf7927ab4ffc11142ddecda25d","0x3fc91a3afd70395cd496c647d5a6cc9d4b2b7fad","","0","0.0005","1.6033633051738","0.000009989314542878","0.0320330007637793","3239.12","","","Execute",""
"0x8dc16a797c89ac96c904ec683f73f5e001f3fb28db4def55620c043e4502b3a7","13056394","1712902135","2024-04-12 06:08:55","0x14270e982a655abf7927ab4ffc11142ddecda25d","0x3fc91a3afd70395cd496c647d5a6cc9d4b2b7fad","","0","0.001","3.20672661034761","0.000009097907965915","0.0291745035727931","3239.12","","","Execute",""
"0x788d97e0a37c5738a54a660c77e0aef1c94cd41a6b9df620a6203255c98edd69","13056415","1712902177","2024-04-12 06:09:37","0x14270e982a655abf7927ab4ffc11142ddecda25d","0x3b1228c3ede7e0898d57054cd9b8f812d24315c1","","0","0","0","0.000002432369045985","0.00779994254594593","3239.12","","","Approve",""
"0x0ed56f5941f9eeb483b9578f3a740138f5fb77b8c7a34cf2baa10fa352d1b0c4","13056415","1712902177","2024-04-12 06:09:37","0x14270e982a655abf7927ab4ffc11142ddecda25d","0x3fc91a3afd70395cd496c647d5a6cc9d4b2b7fad","","0","0","0","0.000010316238707898","0.0330813571833146","3239.12","","","Execute",""
"0xecd63e47d095e5a28419f5beaaec121f9868c5d981ad5db6e7e711df23590ada","13069085","1712927517","2024-04-12 13:11:57","0x14270e982a655abf7927ab4ffc11142ddecda25d","0x3fc91a3afd70395cd496c647d5a6cc9d4b2b7fad","","0","0.003","9.62017983104283","0.000034273917009288","0.109907081714529","3239.12","","","Execute",""
"0x88698d5017fae40d7adf14e90243d55615b10cfe9b8ee9d478d38840529055a2","13069098","1712927543","2024-04-12 13:12:23","0x14270e982a655abf7927ab4ffc11142ddecda25d","0x3fc91a3afd70395cd496c647d5a6cc9d4b2b7fad","","0","0","0","0.000029805050418992","0.0955766483013338","3239.12","","","Execute",""
"0xd997a90d23314e316f4819384cd2a611b71b7e9e51a835f1f9c617f4bc572be3","13071511","1712932369","2024-04-12 14:32:49","0x14270e982a655abf7927ab4ffc11142ddecda25d","0x3fc91a3afd70395cd496c647d5a6cc9d4b2b7fad","","0","0.006","19.2403596620857","0.000031029714515779","0.099503811249238","3239.12","Error(0)","execution reverted","Execute",""
"0x1d7308fbde1d100a6b9dbf6ea6276ffb26f368d4abdf7af3f094d691f83810a4","13071528","1712932403","2024-04-12 14:33:23","0x14270e982a655abf7927ab4ffc11142ddecda25d","0x3fc91a3afd70395cd496c647d5a6cc9d4b2b7fad","","0","0.006","19.2403596620857","0.00002921010904773","0.0936688339745113","3239.12","Error(0)","execution reverted","Execute",""
"0xa04b2606b9f592c66bf16f372c6d77dc0dbfacf6a88ce58be60e6e82bf1af0a3","13071567","1712932481","2024-04-12 14:34:41","0x14270e982a655abf7927ab4ffc11142ddecda25d","0x3fc91a3afd70395cd496c647d5a6cc9d4b2b7fad","","0","0.006","19.2403596620857","0.00003110121910725","0.0997331069254701","3239.12","Error(0)","execution reverted","Execute",""
"0x7ef6524f670be02b5381fba0631071ce8572028f01065d76847cc79d03b48b80","13071579","1712932505","2024-04-12 14:35:05","0x14270e982a655abf7927ab4ffc11142ddecda25d","0x3fc91a3afd70395cd496c647d5a6cc9d4b2b7fad","","0","0.006","19.2403596620857","0.000031639653608513","0.101459719168599","3239.12","","","Execute",""
"0xd63fd1cc5baef844d21f6f1bb7c6ed6b63b4edcd567b9cfdf6dd4cb6808cdac5","13074298","1712937943","2024-04-12 16:05:43","0x14270e982a655abf7927ab4ffc11142ddecda25d","0x3fc91a3afd70395cd496c647d5a6cc9d4b2b7fad","","0","0.036","115.442157972514","0.000032826602788691","0.105265940689806","3239.12","Error(0)","execution reverted","Execute",""
"0x263a1e7573430cfaa79bfe5863669731fa221aae775061772080ce3041929422","13074316","1712937979","2024-04-12 16:06:19","0x14270e982a655abf7927ab4ffc11142ddecda25d","0x3fc91a3afd70395cd496c647d5a6cc9d4b2b7fad","","0","0.036","115.442157972514","0.000042422240573675","0.136036527718172","3239.12","","","Execute",""
"0x6035657df221c2d278b4ccf652921a2092098f0f51f8f704d37c3357ccccf734","13077611","1712944569","2024-04-12 17:56:09","0x14270e982a655abf7927ab4ffc11142ddecda25d","0x3fc91a3afd70395cd496c647d5a6cc9d4b2b7fad","","0","0.0751","240.825168437106","0.000097947933368413","0.314092244361045","3239.12","","","Execute",""
"0x25f3d35024fb03a75e9f2f5836957c9a2d19d91867968a07c5bd5866036f404b","13084398","1712958143","2024-04-12 21:42:23","0x14270e982a655abf7927ab4ffc11142ddecda25d","0x3fc91a3afd70395cd496c647d5a6cc9d4b2b7fad","","0","0.0468","150.074805364268","0.000005303131432508","0.0170056926827942","3239.12","","","Execute",""
"0x474f15a1e32a3182542c16198d6a5e1912cbe82ebaf2c2b435b284e1e0863781","13084636","1712958619","2024-04-12 21:50:19","0x14270e982a655abf7927ab4ffc11142ddecda25d","0x3fc91a3afd70395cd496c647d5a6cc9d4b2b7fad","","0","0.047","150.716150686338","0.000007002086061086","0.0224537757000286","3239.12","","","Execute",""
"0xfe1ba470cc9e65a148c9ea0f92bef247041ac27e73abdfed5a57d9a3f0fd7aa9","13091636","1712972619","2024-04-13 01:43:39","0x14270e982a655abf7927ab4ffc11142ddecda25d","0x3fc91a3afd70395cd496c647d5a6cc9d4b2b7fad","","0","0","0","0.000004585314086023","0.0147038486964517","3011.51","","","Execute",""
"0xc463045db736286a362acc21def808a0a097f92e0a87f0d0b001e88acb56659f","13094167","1712977681","2024-04-13 03:08:01","0x14270e982a655abf7927ab4ffc11142ddecda25d","0x3fc91a3afd70395cd496c647d5a6cc9d4b2b7fad","","0","0.047","150.716150686338","0.000005319056546673","0.01705676017016","3011.51","","","Execute",""
"0x4937161650fdcbd3c613c503ab1a7f058d3d1ccd53f1688c9ab462b52819e135","13099431","1712988209","2024-04-13 06:03:29","0x14270e982a655abf7927ab4ffc11142ddecda25d","0x3fc91a3afd70395cd496c647d5a6cc9d4b2b7fad","","0","0.047","150.716150686338","0.000003362735551244","0.0107833735757361","3011.51","Error(0)","execution reverted","Execute",""
"0xd1bc3292a582dc86772cbf9e545e4bf41910491ed2eacfa9da6d3e5b9684e04c","13099494","1712988335","2024-04-13 06:05:35","0x14270e982a655abf7927ab4ffc11142ddecda25d","0x3fc91a3afd70395cd496c647d5a6cc9d4b2b7fad","","0","0.0465","149.112787381164","0.000003169065363388","0.0101623262307072","3011.51","","","Execute",""
"0xd052a2dfa32005fa97a9db9234c5e66e11a748cc613231ed85f7ec94491fbfa8","13123490","1713036327","2024-04-13 19:25:27","0x14270e982a655abf7927ab4ffc11142ddecda25d","0x3fc91a3afd70395cd496c647d5a6cc9d4b2b7fad","","0","0.002","6.41345322069522","0.000010982604345684","0.0352182096062242","3011.51","","","Execute",""
"0x1cfe354d022dec1c36d049bb07d90966e6aeb7caadd7a40edb46d54c64641a69","13123549","1713036445","2024-04-13 19:27:25","0x14270e982a655abf7927ab4ffc11142ddecda25d","0x3fc91a3afd70395cd496c647d5a6cc9d4b2b7fad","","0","0.0295","94.5984350052545","0.000014258634840737","0.0457235437710209","3011.51","","","Execute",""
"0x91dc52ffcdd4e428aee60cced9a096c1763b06094b595c42d239baef8327bf90","13124442","1713038231","2024-04-13 19:57:11","0x14270e982a655abf7927ab4ffc11142ddecda25d","0x3fc91a3afd70395cd496c647d5a6cc9d4b2b7fad","","0","0.0215","68.9446221224736","0.000015841134336033","0.0507981870134482","3011.51","","","Execute",""
"0xe4736fd0b96022c2b94928fe88ec4031987bb263e31dff8b0ed4a726f9e357c4","13133423","1713056193","2024-04-14 00:56:33","0x14270e982a655abf7927ab4ffc11142ddecda25d","0x6451d42ad90930c9df7f746e17f05dad9c891f6b","","0","0","0","0.000002373336081196","0.00761063996686933","3158.26","","","Approve",""
"0xa822a21616cd6267e012ad2775411ca9c64c4d16b152861014a38a7b5dfe9819","13133424","1713056195","2024-04-14 00:56:35","0x14270e982a655abf7927ab4ffc11142ddecda25d","0x3fc91a3afd70395cd496c647d5a6cc9d4b2b7fad","","0","0","0","0.00000938609647361","0.030098645329215","3158.26","","","Execute",""
"0x3dcc7cf5dea177ccbe75d6f6f57700ce81663e0a1b5d7475da170fa623bff381","13138225","1713065797","2024-04-14 03:36:37","0x14270e982a655abf7927ab4ffc11142ddecda25d","0x3fc91a3afd70395cd496c647d5a6cc9d4b2b7fad","","0","0","0","0.00000298856212744","0.00958350170073891","3158.26","","","Execute",""
"0x6fc457030efa09064a161bf1d7469fe8f9e6334088913576bc5ddd2f37ad2903","13157391","1713104129","2024-04-14 14:15:29","0x14270e982a655abf7927ab4ffc11142ddecda25d","0x3fc91a3afd70395cd496c647d5a6cc9d4b2b7fad","","0","0","0","0.000023406658553365","0.075058754842396","3158.26","","","Execute",""
"0x3399b60c8f85f1ef74e95b2015ab0a9de54c102ee8fd28277fcd15f866277fe2","13158779","1713106905","2024-04-14 15:01:45","0x14270e982a655abf7927ab4ffc11142ddecda25d","0x3fc91a3afd70395cd496c647d5a6cc9d4b2b7fad","","0","0","0","0.000045220217827169","0.145008875832098","3158.26","","","Execute",""
"0xa497726098dec4eacf22aa21267ec82642dea7284d6d7e8a91d07f79de41a0b7","13165587","1713120521","2024-04-14 18:48:41","0x14270e982a655abf7927ab4ffc11142ddecda25d","0x3fc91a3afd70395cd496c647d5a6cc9d4b2b7fad","","0","0.0165","52.9109890707356","0.000015449081796463","0.0495409817021548","3158.26","","","Execute",""
"0xb40fcd308a2b60682375e2db97d3602f428fa731bb8e2153516f1eefedb53a6f","13166096","1713121539","2024-04-14 19:05:39","0x14270e982a655abf7927ab4ffc11142ddecda25d","0x3fc91a3afd70395cd496c647d5a6cc9d4b2b7fad","","0","0.05","160.336330517381","0.000014997585912844","0.0480931578376913","3158.26","Error(0)","execution reverted","Execute",""
"0x28179c8775760f3b1ad78949eca494eb85465c4f667ed2c6f02d3d91340d5f86","13166107","1713121561","2024-04-14 19:06:01","0x14270e982a655abf7927ab4ffc11142ddecda25d","0x3fc91a3afd70395cd496c647d5a6cc9d4b2b7fad","","0","0.05","160.336330517381","0.000014229765233688","0.0456309668338666","3158.26","","","Execute",""
"0x836a177dfce731b79af123e4d9ba320b12ca590e2f92599581c0bf215c03661d","13167013","1713123373","2024-04-14 19:36:13","0x14270e982a655abf7927ab4ffc11142ddecda25d","0x3fc91a3afd70395cd496c647d5a6cc9d4b2b7fad","","0","0","0","0.000019859362595504","0.0636835464995447","3158.26","Error(0)","execution reverted","Execute",""
"0xbf68ea87a166fc524058c2896b0f7069dc89b25f816a1825065345eb2d7e9f0d","13167028","1713123403","2024-04-14 19:36:43","0x14270e982a655abf7927ab4ffc11142ddecda25d","0x3fc91a3afd70395cd496c647d5a6cc9d4b2b7fad","","0","0","0","0.000013344456013421","0.0427920221988503","3158.26","","","Execute",""
"0x00761fc65a79820ead7d8d2eb1d55a0f36b9e78ce51ac1fdbb95d373aafa3555","13167066","1713123479","2024-04-14 19:37:59","0x14270e982a655abf7927ab4ffc11142ddecda25d","0x3fc91a3afd70395cd496c647d5a6cc9d4b2b7fad","","0","0.057","182.783416789814","0.000013083869782947","0.0419563933992992","3158.26","","","Execute",""
"0x968ac91dc9c1402a7fe786a26de62c8935e3230b295bb696efdbcc4a2148ad06","13171823","1713132993","2024-04-14 22:16:33","0x14270e982a655abf7927ab4ffc11142ddecda25d","0xc36f19bccd51e3f1163eff07b5edf9d2850acec4","","0","0","0","0.000001624161205578","0.00520824095742123","3158.26","","","Approve",""
"0x13b941f01bbe49a2cc68b09c6dab184faa0bd625b17166e7b52a52f42a153772","13171823","1713132993","2024-04-14 22:16:33","0x14270e982a655abf7927ab4ffc11142ddecda25d","0x3fc91a3afd70395cd496c647d5a6cc9d4b2b7fad","","0","0","0","0.000006659043287394","0.021353731309143","3158.26","","","Execute",""
"0xd05f8a334e0d76381c570b76f39dd914cf50ab5f0a02cbf8de6b972952463f26","13179542","1713148431","2024-04-15 02:33:51","0x14270e982a655abf7927ab4ffc11142ddecda25d","0x3fc91a3afd70395cd496c647d5a6cc9d4b2b7fad","","0","0.01","32.0672661034761","0.000003432795257169","0.0110080358990389","3103.00","","","Execute",""
"0x4b2a796681730d2bee896d9a6bf0114b34c0bab342dd5a80a9d25e43ff3d571d","13179650","1713148647","2024-04-15 02:37:27","0x14270e982a655abf7927ab4ffc11142ddecda25d","0x3fc91a3afd70395cd496c647d5a6cc9d4b2b7fad","","0","0.032","102.615251531124","0.000003046651129884","0.00976977725064464","3103.00","","","Execute",""
"0x75f70899cf04871b8bace56edf3257a962785a80ed5858a0a487fcabb94a3b5b","13180109","1713149565","2024-04-15 02:52:45","0x14270e982a655abf7927ab4ffc11142ddecda25d","0x3fc91a3afd70395cd496c647d5a6cc9d4b2b7fad","","0","0.032","102.615251531124","0.000003672430882543","0.011776481835713","3103.00","Error(0)","execution reverted","Execute",""
"0xcc71ad1e3651d7aa65a4098868c7767c7bba38f56931f430a4af630c939ab9bb","13180121","1713149589","2024-04-15 02:53:09","0x14270e982a655abf7927ab4ffc11142ddecda25d","0x3fc91a3afd70395cd496c647d5a6cc9d4b2b7fad","","0","0.032","102.615251531124","0.000003530511912007","0.0113213864963821","3103.00","","","Execute",""
"0xdd90b3e709089b363e579d697ed856a23dd198d9042f2679786137b1c8ecaa95","13185698","1713160743","2024-04-15 05:59:03","0x14270e982a655abf7927ab4ffc11142ddecda25d","0x3fc91a3afd70395cd496c647d5a6cc9d4b2b7fad","","0","0.0159","50.986953104527","0.000003331205007989","0.0106822637436415","3103.00","Error(0)","execution reverted","Execute",""
"0xf30cdc602e8bd27c9e10cbdcaddefbcda5a6c6deb17de86d77a65766220721fa","13185743","1713160833","2024-04-15 06:00:33","0x14270e982a655abf7927ab4ffc11142ddecda25d","0x3fc91a3afd70395cd496c647d5a6cc9d4b2b7fad","","0","0.054","173.163236958771","0.000004338726757638","0.013913110548745","3103.00","","","Execute",""
"0xb76da5dd16b2ffb24aa86be8df02cdab3a21316cebeb54c8db115bc6338cb2bd","13187998","1713165343","2024-04-15 07:15:43","0x14270e982a655abf7927ab4ffc11142ddecda25d","0x3fc91a3afd70395cd496c647d5a6cc9d4b2b7fad","","0","0.0619","198.496377180517","0.000015355594458578","0.0492411933680284","3103.00","","","Execute",""
"0xc4d3fe94dff4efb5646dd155abeca73fc89033055ae35d3472647d0245fe76d6","13199106","1713187559","2024-04-15 13:25:59","0x14270e982a655abf7927ab4ffc11142ddecda25d","0x3fc91a3afd70395cd496c647d5a6cc9d4b2b7fad","","0","0.186","596.451149524655","0.000021107151665221","0.067684864913507","3103.00","Error(0)","execution reverted","Execute",""
"0x602ce8eedbadf1135eb9deedc2deb47d242d4fad19b33926bf250467a0d2aeb4","13199128","1713187603","2024-04-15 13:26:43","0x14270e982a655abf7927ab4ffc11142ddecda25d","0x3fc91a3afd70395cd496c647d5a6cc9d4b2b7fad","","0","0.186","596.451149524655","0.000019597841571498","0.0628449200726993","3103.00","Error(0)","execution reverted","Execute",""
"0x0ef9396f8c08a225f5a94db3964eceae21d708babbce136ffae1102aef4f78ec","13199149","1713187645","2024-04-15 13:27:25","0x14270e982a655abf7927ab4ffc11142ddecda25d","0x3fc91a3afd70395cd496c647d5a6cc9d4b2b7fad","","0","0.186","596.451149524655","0.000020839348197438","0.0668260924070239","3103.00","Error(0)","execution reverted","Execute",""
"0x02fcf08aa2fb4febfe348787b16091a03f8682f5879f8a2f431e0cf54caf26ec","13199167","1713187681","2024-04-15 13:28:01","0x14270e982a655abf7927ab4ffc11142ddecda25d","0x3fc91a3afd70395cd496c647d5a6cc9d4b2b7fad","","0","0.186","596.451149524655","0.000019809121395629","0.0635224367069697","3103.00","","","Execute",""
"0x67df2ad0458611c67e868c75cc979a2d093d3b353651fcea924370540d222088","13208754","1713206855","2024-04-15 18:47:35","0x14270e982a655abf7927ab4ffc11142ddecda25d","0x3fc91a3afd70395cd496c647d5a6cc9d4b2b7fad","","0","0.017","54.5143523759094","0.000036071937146589","0.115672840734753","3103.00","","","Execute",""
"0x6c457a8d78588a9bcd0f52704e0c08a1f6db8062e3b4fff1caf1c3b7524dd33a","13247871","1713285089","2024-04-16 16:31:29","0x14270e982a655abf7927ab4ffc11142ddecda25d","0x3fc91a3afd70395cd496c647d5a6cc9d4b2b7fad","","0","0.017","54.5143523759094","0.000030137074578134","0.0966413590077328","3085.42","","","Execute",""
"0xfcfb82e12d756452bb0dbb3e46d10a635f1b11a256ac514e6396fee56d55b7ff","13255015","1713299377","2024-04-16 20:29:37","0x14270e982a655abf7927ab4ffc11142ddecda25d","0x3fc91a3afd70395cd496c647d5a6cc9d4b2b7fad","","0","0","0","0.000010081407036547","0.0323283162138409","3085.42","","","Execute",""
"0x65699d5b33c62bbc38d96e769d0793e9bcce2783ebd1441a087d23cb8478651a","13258395","1713306137","2024-04-16 22:22:17","0x14270e982a655abf7927ab4ffc11142ddecda25d","0x3fc91a3afd70395cd496c647d5a6cc9d4b2b7fad","","0","0.0082","26.2951582048504","0.000008042852717152","0.0257912298311979","3085.42","","","Execute",""
"0xbb404b5b66629be4da21fbb964d0f105f5feb284acb3ad81e34f1c618db58343","13259052","1713307451","2024-04-16 22:44:11","0x14270e982a655abf7927ab4ffc11142ddecda25d","0x3fc91a3afd70395cd496c647d5a6cc9d4b2b7fad","","0","0.0081","25.9744855438156","0.000006256324872486","0.0200623234515805","3085.42","Error(0)","execution reverted","Execute",""
"0x825828062251192b5504a8957386dce0479a429bd9820e611ab4dce0b68b0a20","13259230","1713307807","2024-04-16 22:50:07","0x14270e982a655abf7927ab4ffc11142ddecda25d","0x3fc91a3afd70395cd496c647d5a6cc9d4b2b7fad","","0","0.0082","26.2951582048504","0.000005900720171409","0.0189219963938722","3085.42","","","Execute",""
"0x71f710b199a90aca122c463bd54127b5e555571fdf9a26e0d99fd3238b02b728","13259727","1713308801","2024-04-16 23:06:41","0x14270e982a655abf7927ab4ffc11142ddecda25d","0x3fc91a3afd70395cd496c647d5a6cc9d4b2b7fad","","0","0.0081","25.9744855438156","0.000008216460178383","0.0263479414968822","3085.42","Error(0)","execution reverted","Execute",""
"0x4967361d374ab3963646fe7957639ab4a86da71163dfa8404e5e45d9e3e3ec61","13259837","1713309021","2024-04-16 23:10:21","0x14270e982a655abf7927ab4ffc11142ddecda25d","0x3fc91a3afd70395cd496c647d5a6cc9d4b2b7fad","","0","0.0081","25.9744855438156","0.000007599606818195","0.024369861412085","3085.42","","","Execute",""
"0x55da39dcc96118935ff70be828023fe208900448514e6f0e12e0d06ec557f3b5","13260039","1713309425","2024-04-16 23:17:05","0x14270e982a655abf7927ab4ffc11142ddecda25d","0x3fc91a3afd70395cd496c647d5a6cc9d4b2b7fad","","0","0.0167","53.5523343928051","0.000006924647948548","0.0222054528438979","3085.42","","","Execute",""
"0x651863dee0f4a44ac379ab27a39ebe8f134023def1069731d4790a336103b6ff","13260211","1713309769","2024-04-16 23:22:49","0x14270e982a655abf7927ab4ffc11142ddecda25d","0x3fc91a3afd70395cd496c647d5a6cc9d4b2b7fad","","0","0.0163","52.269643748666","0.000006579288768699","0.0210979803717482","3085.42","","","Execute",""
"0x1349f43253fce460d0e9b903a3927c89f3214755efa4b54fc3c01a772e135416","13260409","1713310165","2024-04-16 23:29:25","0x14270e982a655abf7927ab4ffc11142ddecda25d","0x3fc91a3afd70395cd496c647d5a6cc9d4b2b7fad","","0","0.0162","51.9489710876313","0.000008679925941129","0.0278341494912649","3085.42","Error(0)","execution reverted","Execute",""
"0x4635492927d2d6a58c24cb8a2819fc3ba26461a9a6b1ebdae426a3da941700a7","13260475","1713310297","2024-04-16 23:31:37","0x14270e982a655abf7927ab4ffc11142ddecda25d","0x3fc91a3afd70395cd496c647d5a6cc9d4b2b7fad","","0","0.033","105.821978141471","0.000005827268626783","0.0186864573711488","3085.42","","","Execute",""
"0x55d67b7aac89d5920f65d56dbbb436ce61c8fdc1630f0c7201201fb4d8b1e7d7","13260609","1713310565","2024-04-16 23:36:05","0x14270e982a655abf7927ab4ffc11142ddecda25d","0x3fc91a3afd70395cd496c647d5a6cc9d4b2b7fad","","0","0","0","0.000005062765136584","0.0162349036854241","3085.42","","","Execute",""
"0x80d743b6b3451bf09a32143521cd65dd0c43580445511252171526361c578ff8","13260677","1713310701","2024-04-16 23:38:21","0x14270e982a655abf7927ab4ffc11142ddecda25d","0x3fc91a3afd70395cd496c647d5a6cc9d4b2b7fad","","0","0","0","0.000007349186929748","0.0235668332920418","3085.42","","","Execute",""
"0x3e53a83b92bdf4b4ad11090100fc93c8ba324eb54d49e5c8ab159daadde1a5f3","13260793","1713310933","2024-04-16 23:42:13","0x14270e982a655abf7927ab4ffc11142ddecda25d","0x3fc91a3afd70395cd496c647d5a6cc9d4b2b7fad","","0","0","0","0.000004583033558069","0.014696535666776","3085.42","","","Execute",""
"0x329e27287ca9d9802113fcc01b7bfaaaf4c01753f38114803256a3effeff3426","13260852","1713311051","2024-04-16 23:44:11","0x14270e982a655abf7927ab4ffc11142ddecda25d","0x3fc91a3afd70395cd496c647d5a6cc9d4b2b7fad","","0","0","0","0.000004305342603256","0.0138060566925243","3085.42","Error(0)","execution reverted","Execute",""
"0x042934735e36ef3c799443e8a28323aeef80b0dc05e0f65e882d9ff0c3723476","13260931","1713311209","2024-04-16 23:46:49","0x14270e982a655abf7927ab4ffc11142ddecda25d","0x3fc91a3afd70395cd496c647d5a6cc9d4b2b7fad","","0","0","0","0.000004232397175483","0.0135721406481814","3085.42","Error(0)","execution reverted","Execute",""
"0xe92cb0c98e61e221e6f16db7745abfabb1b4960bf55adb4cb5a54b8d20294196","13260963","1713311273","2024-04-16 23:47:53","0x14270e982a655abf7927ab4ffc11142ddecda25d","0x3fc91a3afd70395cd496c647d5a6cc9d4b2b7fad","","0","0","0","0.000004212604568545","0.0135086711688252","3085.42","","","Execute",""
"0x75fa724e989d4196b5f835943bbaea1983f14272cfed12889e191ce5083f6c56","13261026","1713311399","2024-04-16 23:49:59","0x14270e982a655abf7927ab4ffc11142ddecda25d","0x3fc91a3afd70395cd496c647d5a6cc9d4b2b7fad","","0","0","0","0.000006104630404969","0.0195758807659512","3085.42","","","Execute",""
"0x6fd1dc0f7f9f50298ba1bbfce958ff172342fce77a8913168b5bce8bc0d7bdeb","13261139","1713311625","2024-04-16 23:53:45","0x14270e982a655abf7927ab4ffc11142ddecda25d","0x3fc91a3afd70395cd496c647d5a6cc9d4b2b7fad","","0","0","0","0.000003851571366989","0.0123509363941765","3085.42","","","Execute",""
"0xadcf98365e55a15ad26d6f1e49de91353070fc207259fe3ace842d1938f282a9","13261467","1713312281","2024-04-17 00:04:41","0x14270e982a655abf7927ab4ffc11142ddecda25d","0x3fc91a3afd70395cd496c647d5a6cc9d4b2b7fad","","0","0","0","0.000003790097041738","0.012153805039541","2985.12","Error(0)","execution reverted","Execute",""
"0x3859c6f2c45a40142b614088a57e37898226c99a2ce95f648c95939ec1435d8e","13261501","1713312349","2024-04-17 00:05:49","0x14270e982a655abf7927ab4ffc11142ddecda25d","0x3fc91a3afd70395cd496c647d5a6cc9d4b2b7fad","","0","0","0","0.000004124753590692","0.0132269571003989","2985.12","Error(0)","execution reverted","Execute",""
"0xf6c01e06f298098eb71d8431977e349a94f23eda49d279005d0ec1edb62c3abf","13261803","1713312953","2024-04-17 00:15:53","0x14270e982a655abf7927ab4ffc11142ddecda25d","0x3fc91a3afd70395cd496c647d5a6cc9d4b2b7fad","","0","0","0","0.000005167883029574","0.0165719880300988","2985.12","","","Execute",""
"0xf3b6a46f42e205d8a8f20124f67c5b05a5ae2a8c9384f4c2ce39c9bd430c465f","13262295","1713313937","2024-04-17 00:32:17","0x14270e982a655abf7927ab4ffc11142ddecda25d","0x3fc91a3afd70395cd496c647d5a6cc9d4b2b7fad","","0","0","0","0.000003366431000693","0.0107952238718214","2985.12","","","Execute",""
"0xb24890c5c583727c9ec119b0c580b4f10eb2a1990b4e272a69fe51dedda9abef","13266713","1713322773","2024-04-17 02:59:33","0x14270e982a655abf7927ab4ffc11142ddecda25d","0x3fc91a3afd70395cd496c647d5a6cc9d4b2b7fad","","0","0.0082","26.2951582048504","0.000003104818059292","0.00995630269101948","2985.12","","","Execute",""
"0x8835cb9dbab3021cbcce31c095410f5b837c96ab32e26855caaac9cb309e7eff","13267427","1713324201","2024-04-17 03:23:21","0x14270e982a655abf7927ab4ffc11142ddecda25d","0x3fc91a3afd70395cd496c647d5a6cc9d4b2b7fad","","0","0.0081","25.9744855438156","0.000004006548271265","0.0128479049571077","2985.12","Error(0)","execution reverted","Execute",""
"0xe00731c712479a736eb3b2dc4643e95522a92b23a383c2e2fa6aaa5b08c07466","13268515","1713326377","2024-04-17 03:59:37","0x14270e982a655abf7927ab4ffc11142ddecda25d","0x3fc91a3afd70395cd496c647d5a6cc9d4b2b7fad","","0","0.065","208.437229672595","0.000004463406852597","0.0143129255270307","2985.12","Error(0)","execution reverted","Execute",""
"0xe789d694d28765b03ac2bca482c1a407613b42635b2064398fbf37331274e9d3","13268551","1713326449","2024-04-17 04:00:49","0x14270e982a655abf7927ab4ffc11142ddecda25d","0x3fc91a3afd70395cd496c647d5a6cc9d4b2b7fad","","0","0.065","208.437229672595","0.000004374420998296","0.0140275722200991","2985.12","Error(0)","execution reverted","Execute",""
"0x4de312646c5e0e94eb9b0649194a61a194553929fd3cfdc9eb789f0f6540bf09","13268592","1713326531","2024-04-17 04:02:11","0x14270e982a655abf7927ab4ffc11142ddecda25d","0x3fc91a3afd70395cd496c647d5a6cc9d4b2b7fad","","0","0.065","208.437229672595","0.000004217785893661","0.0135252862619515","2985.12","","","Execute",""
"0x8d40e2aeaf0a99554d2e28f3d2d440220bea0256530e5829b94a582bb2575626","13268643","1713326633","2024-04-17 04:03:53","0x14270e982a655abf7927ab4ffc11142ddecda25d","0x3fc91a3afd70395cd496c647d5a6cc9d4b2b7fad","","0","0.035","112.235431362166","0.000004222026056557","0.0135388833051423","2985.12","","","Execute",""
"0xe8285a219167042f1ae6523a44e9a070e77b1d1d2de32a45b0c9bccab410194e","13274963","1713339273","2024-04-17 07:34:33","0x14270e982a655abf7927ab4ffc11142ddecda25d","0x3fc91a3afd70395cd496c647d5a6cc9d4b2b7fad","","0","0.0325","104.218614836297","0.000006206798656657","0.0199035064173718","2985.12","","","Execute",""
"0x40cc56306272bc593e325dd432a7ed7046e8b78b888972bf3da84416f5bc5ad6","13288817","1713366981","2024-04-17 15:16:21","0x14270e982a655abf7927ab4ffc11142ddecda25d","0x3fc91a3afd70395cd496c647d5a6cc9d4b2b7fad","","0","0","0","0.000033787744588877","0.10834805967678","2985.12","","","Execute",""
"0x4c6e7143898ffa9f269addf682d350ceae996484bc6f24d0922a7ef8bee0f714","13288955","1713367257","2024-04-17 15:20:57","0x14270e982a655abf7927ab4ffc11142ddecda25d","0x3fc91a3afd70395cd496c647d5a6cc9d4b2b7fad","","0","0","0","0.000035411917665462","0.113556338701276","2985.12","","","Execute",""
"0x89a47fa84a7e1ed55ac3f0cbdb4650f05eb2c122ffa3c8d32da6c5cbfcc6c2da","13290171","1713369689","2024-04-17 16:01:29","0x14270e982a655abf7927ab4ffc11142ddecda25d","0x3fc91a3afd70395cd496c647d5a6cc9d4b2b7fad","","0","0.042","134.6825176346","0.000042806559656729","0.137268933948665","2985.12","","","Execute",""
"0xcf9cfc3b6c3f86a7f5576d7ed7a6316e1d3492eaae29286f614d131154b7f2b6","13290378","1713370103","2024-04-17 16:08:23","0x14270e982a655abf7927ab4ffc11142ddecda25d","0x3fc91a3afd70395cd496c647d5a6cc9d4b2b7fad","","0","0.2","641.345322069522","0.000041313671224836","0.132481648887834","2985.12","Error(0)","execution reverted","Execute",""
"0x09962cfa55991c02f816d4ba88889062e7c90dca814ca4066013378477efe82c","13290385","1713370117","2024-04-17 16:08:37","0x14270e982a655abf7927ab4ffc11142ddecda25d","0x3fc91a3afd70395cd496c647d5a6cc9d4b2b7fad","","0","0.2","641.345322069522","0.000038851353109899","0.124585667865524","2985.12","","","Execute",""
"0xbe3703eb8d4c921b09c69fb75c87618d1dafebc2664fbe5b70e9d1fb561479d6","13290892","1713371131","2024-04-17 16:25:31","0x14270e982a655abf7927ab4ffc11142ddecda25d","0x3fc91a3afd70395cd496c647d5a6cc9d4b2b7fad","","0","0.0502","160.97767583945","0.000031859462229723","0.102164585323417","2985.12","","","Execute",""
"0xeb7c81ce9e798b7eea7234a3134765c8608a4c9fb3fda229a9b2473314ed748d","13291102","1713371551","2024-04-17 16:32:31","0x14270e982a655abf7927ab4ffc11142ddecda25d","0x3fc91a3afd70395cd496c647d5a6cc9d4b2b7fad","","0","0.15","481.008991552141","0.000029559758689155","0.0947900647839673","2985.12","Error(0)","execution reverted","Execute",""
"0xc541343a033838e9e848e38e41174e691e661edeb2eb1f1414f5a979f39ca086","13291146","1713371639","2024-04-17 16:33:59","0x14270e982a655abf7927ab4ffc11142ddecda25d","0x3fc91a3afd70395cd496c647d5a6cc9d4b2b7fad","","0","0.075","240.504495776071","0.000027855744114845","0.0893257559041073","2985.12","","","Execute",""
"0xcd5bcfedb8d469f1705809f1c96ed83be02b18e3b844f622b5a610acfbce78fa","13291349","1713372045","2024-04-17 16:40:45","0x14270e982a655abf7927ab4ffc11142ddecda25d","0x3fc91a3afd70395cd496c647d5a6cc9d4b2b7fad","","0","0.074","237.297769165723","0.000026647431515107","0.0854510277369091","2985.12","","","Execute",""
"0x058bd6e765ad3eb65f2d89cbcd347a7ad6c2fac5734d96c250cbed22a0987e13","13293131","1713375609","2024-04-17 17:40:09","0x14270e982a655abf7927ab4ffc11142ddecda25d","0x3fc91a3afd70395cd496c647d5a6cc9d4b2b7fad","","0","0","0","0.000016501484567107","0.0529157496715824","2985.12","","","Execute",""
"0x558406fd267d67551f7aa196a4b899d4620f76a72254b5179ef368d032208823","13313765","1713416877","2024-04-18 05:07:57","0x14270e982a655abf7927ab4ffc11142ddecda25d","0x3fc91a3afd70395cd496c647d5a6cc9d4b2b7fad","","0","0","0","0.000004109213752951","0.0131771250891943","3065.69","","","Execute",""
"0x70db685102ca10476ff4f8434d8c549c0518cccf59cca3fc3f2612858d620b0d","13322720","1713434787","2024-04-18 10:06:27","0x14270e982a655abf7927ab4ffc11142ddecda25d","0x3fc91a3afd70395cd496c647d5a6cc9d4b2b7fad","","0","0","0","0.000013236295528449","0.0424451810935025","3065.69","","","Execute",""
"0xc082768b19bae646beca538e2bde5b565d75934b98a6889cde8ba3eb286a26ce","13346213","1713481773","2024-04-18 23:09:33","0x14270e982a655abf7927ab4ffc11142ddecda25d","0x3fc91a3afd70395cd496c647d5a6cc9d4b2b7fad","","0","0.0653","209.399247655699","0.000009159657206242","0.0293725165049185","3065.69","","","Execute",""
"0xcb78ca7d150079cdcea02f42a8e6f9493e02cedb37b54b18c1ab93d6b77ffb74","13346580","1713482507","2024-04-18 23:21:47","0x14270e982a655abf7927ab4ffc11142ddecda25d","0x3fc91a3afd70395cd496c647d5a6cc9d4b2b7fad","","0","0.085","272.571761879547","0.000007887005821472","0.0252914714436808","3065.69","","","Execute",""
"0x5d04858e25b663f397b205b03b3c9d8fb33dfb67c7533d73fbbd73ef68ab6102","13349187","1713487721","2024-04-19 00:48:41","0x14270e982a655abf7927ab4ffc11142ddecda25d","0x3fc91a3afd70395cd496c647d5a6cc9d4b2b7fad","","0","0.0131","42.0081185955537","0.0000056572678849","0.0181413114683738","3057.95","","","Execute",""
"0xd3ab5c513c3e2b1e50309409fb70d5def367ad1216702e99b73c0d9989c9b2b4","13350169","1713489685","2024-04-19 01:21:25","0x14270e982a655abf7927ab4ffc11142ddecda25d","0x3fc91a3afd70395cd496c647d5a6cc9d4b2b7fad","","0","0","0","0.00000673999218364","0.0216133122888133","3057.95","","","Execute",""
"0x528c06aef8d417028ae563ba5eeced128f88c4969da75a7e51e7379110001396","13380811","1713550969","2024-04-19 18:22:49","0x14270e982a655abf7927ab4ffc11142ddecda25d","0x3fc91a3afd70395cd496c647d5a6cc9d4b2b7fad","","0","0.053","169.956510348423","0.000015559855841815","0.0498962037811209","3057.95","","","Execute",""
"0x2d77bda724a5095522f2f6aac5063f51fa5a44f6226e060c3a2fe9bd23ae8561","13421427","1713632201","2024-04-20 16:56:41","0x14270e982a655abf7927ab4ffc11142ddecda25d","0x3fc91a3afd70395cd496c647d5a6cc9d4b2b7fad","","0","0.0162","51.9489710876313","0.000029066315772143","0.0932077282512974","3157.04","","","Execute",""
"0xca8099e2d4a86384567d2a4fa5651fec5fa9c9817b48f97856a430faa9b9886b","13428066","1713645479","2024-04-20 20:37:59","0x14270e982a655abf7927ab4ffc11142ddecda25d","0x3fc91a3afd70395cd496c647d5a6cc9d4b2b7fad","","0","0.008","25.6538128827809","0.00001005042271712","0.0322289579722308","3157.04","Error(0)","execution reverted","Execute",""
"0x2a0470ef400f3050578e005eeafc80a3007dfb71a811b23ca854e8961c6f229a","13428656","1713646659","2024-04-20 20:57:39","0x14270e982a655abf7927ab4ffc11142ddecda25d","0x3fc91a3afd70395cd496c647d5a6cc9d4b2b7fad","","0","0.008","25.6538128827809","0.000008205973012551","0.0263143120231416","3157.04","Error(0)","execution reverted","Execute",""
"0x55238d2063b2b4261f02dbb2c6862a60388a594843f702d76e04d8c74dd35808","13428709","1713646765","2024-04-20 20:59:25","0x14270e982a655abf7927ab4ffc11142ddecda25d","0x3fc91a3afd70395cd496c647d5a6cc9d4b2b7fad","","0","0.008","25.6538128827809","0.000007809093729546","0.0250416286652338","3157.04","","","Execute",""
"0x2e928daeeb1a32a2919bbca2b75f30d539e22e29d23d5aaf505ca8c3a88b5d74","13428898","1713647143","2024-04-20 21:05:43","0x14270e982a655abf7927ab4ffc11142ddecda25d","0x3fc91a3afd70395cd496c647d5a6cc9d4b2b7fad","","0","0","0","0.000007523664692821","0.0241263357778019","3157.04","","","Execute",""
"0x52bd5b77a263c9713f0d024ce93d481ce66f87765fe01941b8f2f13b32320d34","13429094","1713647535","2024-04-20 21:12:15","0x14270e982a655abf7927ab4ffc11142ddecda25d","0x3fc91a3afd70395cd496c647d5a6cc9d4b2b7fad","","0","0","0","0.000010484909539497","0.0336222384273925","3157.04","","","Execute",""
"0x32220fd537eb9a4a46d9b2e8421baeed7efffba7b4c04bd1de59246995be2de1","13434386","1713658119","2024-04-21 00:08:39","0x14270e982a655abf7927ab4ffc11142ddecda25d","0x3fc91a3afd70395cd496c647d5a6cc9d4b2b7fad","","0","0.008","25.6538128827809","0.000007315058614886","0.0234573931166075","3148.11","","","Execute",""
"0x2c641bc28de0c864e2b4ac604d7da8450b982b925bbcf58d8b3f96dc4d2c1b0e","13434474","1713658295","2024-04-21 00:11:35","0x14270e982a655abf7927ab4ffc11142ddecda25d","0x3fc91a3afd70395cd496c647d5a6cc9d4b2b7fad","","0","0","0","0.00000593017478932","0.019016449300925","3148.11","","","Execute",""
"0x7f43ac3e820b43e539ebc572fed00eb2876c3b346cf6e84957443bcb86697d29","13444598","1713678543","2024-04-21 05:49:03","0x14270e982a655abf7927ab4ffc11142ddecda25d","0x3fc91a3afd70395cd496c647d5a6cc9d4b2b7fad","","0","0.032","102.615251531124","0.000006006603838877","0.019261536367943","3148.11","","","Execute",""
"0x6afd8fbcf5ec90d6147902fbcdba3896affa6837b0aa12ace38b91e09d5e1de4","13447197","1713683741","2024-04-21 07:15:41","0x14270e982a655abf7927ab4ffc11142ddecda25d","0x3fc91a3afd70395cd496c647d5a6cc9d4b2b7fad","","0","0.032","102.615251531124","0.000012283822198687","0.0393908595213083","3148.11","Error(0)","execution reverted","Execute",""
"0xefab9c11adc7a3f41698b4fe6d4d32224bbc163dbfd76e9b8fa713fe65232aee","13447317","1713683981","2024-04-21 07:19:41","0x14270e982a655abf7927ab4ffc11142ddecda25d","0x3fc91a3afd70395cd496c647d5a6cc9d4b2b7fad","","0","0.032","102.615251531124","0.000012704133676575","0.0407386835220863","3148.11","","","Execute",""
"0xe066f67f38888dc69d2094b8d6e30af285c0eecad7a73cce4fe9c32b8e85ca9e","13447366","1713684079","2024-04-21 07:21:19","0x14270e982a655abf7927ab4ffc11142ddecda25d","0x3fc91a3afd70395cd496c647d5a6cc9d4b2b7fad","","0","0.032","102.615251531124","0.000011826441827849","0.0379241657150914","3148.11","","","Execute",""
"0x6498c43316764051be20cbaeaf118bff5e9bf39060793bcfb3f0c55d66044e2d","13448773","1713686893","2024-04-21 08:08:13","0x14270e982a655abf7927ab4ffc11142ddecda25d","0x3fc91a3afd70395cd496c647d5a6cc9d4b2b7fad","","0","0.008","25.6538128827809","0.000013391989477442","0.0429444490228084","3148.11","","","Execute",""
"0x6db637895aa7ee50b8e066902239e477b6df8ecadc3a569e5261cb5e1323f0cb","13450249","1713689845","2024-04-21 08:57:25","0x14270e982a655abf7927ab4ffc11142ddecda25d","0x3fc91a3afd70395cd496c647d5a6cc9d4b2b7fad","","0","0.0032","10.2615251531124","0.000018877669578544","0.0605355253788666","3148.11","","","Execute",""
"0xe3ee5bdf1266e923ab7cee8f5bf4d1560e45e92676fb2014c1b3ebcb6c59e8c3","13450318","1713689983","2024-04-21 08:59:43","0x14270e982a655abf7927ab4ffc11142ddecda25d","0x3fc91a3afd70395cd496c647d5a6cc9d4b2b7fad","","0","0.005","16.0336330517381","0.000018858682767635","0.0604746398670791","3148.11","","","Execute",""
"0x67853a0fb18a53ab234619593778291028748f41ff4ffb7136d52d53ba8f2336","13450397","1713690141","2024-04-21 09:02:21","0x14270e982a655abf7927ab4ffc11142ddecda25d","0x3fc91a3afd70395cd496c647d5a6cc9d4b2b7fad","","0","0.0032","10.2615251531124","0.00001857893567665","0.0595775674262501","3148.11","","","Execute",""
"0x77248572c5118821cce000517caea2138ed068c4eff54ea95349a2299dc78ae9","13450832","1713691011","2024-04-21 09:16:51","0x14270e982a655abf7927ab4ffc11142ddecda25d","0x3fc91a3afd70395cd496c647d5a6cc9d4b2b7fad","","0","0.016","51.3076257655618","0.00001884515800948","0.0604312696652049","3148.11","","","Execute",""
"0xe5f8db5205a776e965c0fe8deab5c832802220a6f969a800a47f696b21b500c7","13452088","1713693523","2024-04-21 09:58:43","0x14270e982a655abf7927ab4ffc11142ddecda25d","0x3fc91a3afd70395cd496c647d5a6cc9d4b2b7fad","","0","0.0112","35.9153380358932","0.000014109570719549","0.0452455358869593","3148.11","","","Execute",""
"0x912b66c057b70de3f3dbe77653ffd5c6292dad01f64f8a0c91ca3af2857e4c37","13452165","1713693677","2024-04-21 10:01:17","0x14270e982a655abf7927ab4ffc11142ddecda25d","0x3fc91a3afd70395cd496c647d5a6cc9d4b2b7fad","","0","0.0332","106.463323463541","0.000013915552435939","0.0446233722940131","3148.11","","","Execute",""
"0x537b45fea71e5cb59061bd91223ca9bfc6296c5bc10bf0a1b735ef0ef58dedbf","13458880","1713707107","2024-04-21 13:45:07","0x14270e982a655abf7927ab4ffc11142ddecda25d","0x3fc91a3afd70395cd496c647d5a6cc9d4b2b7fad","","0","0.008","25.6538128827809","0.000010908052398055","0.034979141891909","3148.11","","","Execute",""
"0x7a98d7c67ecb8f5cc3e067f046df6f149056057f3258615c26369a88a09c5639","13458986","1713707319","2024-04-21 13:48:39","0x14270e982a655abf7927ab4ffc11142ddecda25d","0x3fc91a3afd70395cd496c647d5a6cc9d4b2b7fad","","0","0.016","51.3076257655618","0.000011817771070106","0.0378963609655051","3148.11","","","Execute",""
"0xb0af639cdfba52d1f7df7765a0e3729c27176ef87f64d30e710733a6b5dc8fde","13459710","1713708767","2024-04-21 14:12:47","0x14270e982a655abf7927ab4ffc11142ddecda25d","0x3fc91a3afd70395cd496c647d5a6cc9d4b2b7fad","","0","0.016","51.3076257655618","0.000014817751997501","0.0475164796359179","3148.11","","","Execute",""
"0x9886ad2f1e72328ef87224a640687d12cbb5e99ac71e55a3eba55a47907c2b80","13459786","1713708919","2024-04-21 14:15:19","0x14270e982a655abf7927ab4ffc11142ddecda25d","0x3fc91a3afd70395cd496c647d5a6cc9d4b2b7fad","","0","0.008","25.6538128827809","0.000014689111901578","0.047103966017164","3148.11","","","Execute",""
"0xbeeebf63bfc84d52feb9931e1a8e7ea5ecb099773a6f17748289ba8326e4313d","13460064","1713709475","2024-04-21 14:24:35","0x14270e982a655abf7927ab4ffc11142ddecda25d","0x3fc91a3afd70395cd496c647d5a6cc9d4b2b7fad","","0","0.016","51.3076257655618","0.000013788374860998","0.0442155485802103","3148.11","","","Execute",""
"0xcb898890d690524761b95b4ede07a3be30a50614ca24b7b1fdb0a094223123df","13460206","1713709759","2024-04-21 14:29:19","0x14270e982a655abf7927ab4ffc11142ddecda25d","0x3fc91a3afd70395cd496c647d5a6cc9d4b2b7fad","","0","0.032","102.615251531124","0.000014762048662974","0.0473378542708051","3148.11","","","Execute",""
"0xd8400cf034b708b508dd6a53a0911b649f8952b5c77555f8d4519629c312f1e3","13460362","1713710071","2024-04-21 14:34:31","0x14270e982a655abf7927ab4ffc11142ddecda25d","0x3fc91a3afd70395cd496c647d5a6cc9d4b2b7fad","","0","0.016","51.3076257655618","0.000015021378495988","0.0481694541471881","3148.11","","","Execute",""
"0xac7f466a684554206b27e7e0f843d354fe2c8f442da46b1cb855f988f57e7c75","13460508","1713710363","2024-04-21 14:39:23","0x14270e982a655abf7927ab4ffc11142ddecda25d","0x3fc91a3afd70395cd496c647d5a6cc9d4b2b7fad","","0","0.032","102.615251531124","0.000015056971509196","0.0482835912097846","3148.11","","","Execute",""
"0xcfaae97ba14453fca058d7a7a8d5bc34134d04d35c7a1a57de04ddec2f002ea2","13465721","1713720789","2024-04-21 17:33:09","0x08914a349c8a697ff3da18083eb4a59a9e1e460b","0x14270e982a655abf7927ab4ffc11142ddecda25d","","0.009191616472858316","0","29.4750011356242","0.000001476069643773","0.0047333518054132","3148.11","","","Transfer",""
"0xa51b1bfdc03304a818f1df4169d4f230e7ebaa467de735680065237d03d32691","13468214","1713725775","2024-04-21 18:56:15","0x14270e982a655abf7927ab4ffc11142ddecda25d","0x3fc91a3afd70395cd496c647d5a6cc9d4b2b7fad","","0","0.016","51.3076257655618","0.00001966728228381","0.0630675974527116","3148.11","Error(0)","execution reverted","Execute",""
"0x1add4220190997c46eac4b65d1843ea21dc54d1bef890d005f3799cc66bfeae4","13468226","1713725799","2024-04-21 18:56:39","0x14270e982a655abf7927ab4ffc11142ddecda25d","0x3fc91a3afd70395cd496c647d5a6cc9d4b2b7fad","","0","0.016","51.3076257655618","0.00001862557887885","0.0597271394239367","3148.11","","","Execute",""
"0x14184fadc2ba93640bd6c6c1f017126430e2a24ed7c00b81330562b18d26c18d","13468393","1713726133","2024-04-21 19:02:13","0x14270e982a655abf7927ab4ffc11142ddecda25d","0x3fc91a3afd70395cd496c647d5a6cc9d4b2b7fad","","0","0.032","102.615251531124","0.000019479817715692","0.0624664498336303","3148.11","Error(0)","execution reverted","Execute",""
"0x28765446284010103a2ed2290b34a23dfe7f905309fd672744646ebdfebfc46a","13468400","1713726147","2024-04-21 19:02:27","0x14270e982a655abf7927ab4ffc11142ddecda25d","0x3fc91a3afd70395cd496c647d5a6cc9d4b2b7fad","","0","0.032","102.615251531124","0.000018582162918511","0.0595879163086038","3148.11","","","Execute",""
"0x3d8c42befdbe399ef114fb0ee91d38152af89e9641c3b1f2ddfc5b3fc41bb8f9","13470044","1713729435","2024-04-21 19:57:15","0x14270e982a655abf7927ab4ffc11142ddecda25d","0x3fc91a3afd70395cd496c647d5a6cc9d4b2b7fad","","0","0.016","51.3076257655618","0.000009611741086741","0.0308222259146238","3148.11","","","Execute",""
"0x5c6acdb1ae6d5883c616e6b57f53c0009c04a2abeb7f612d15e3bc9238063d69","13474091","1713737529","2024-04-21 22:12:09","0x14270e982a655abf7927ab4ffc11142ddecda25d","0x3fc91a3afd70395cd496c647d5a6cc9d4b2b7fad","","0","0.008","25.6538128827809","0.000004109452721677","0.013177891396567","3148.11","","","Execute",""
"0xd1115c8ed56176de0ce6ef25309cfaec8ca78ff683f974411bf1b8780e807347","13478873","1713747093","2024-04-22 00:51:33","0x14270e982a655abf7927ab4ffc11142ddecda25d","0x3fc91a3afd70395cd496c647d5a6cc9d4b2b7fad","","0","0.008","25.6538128827809","0.000006979192879556","0.0223803635256208","","","","Execute",""
"0x2a25e7fb60b7914073a1b9f7f7ffac9bae9bb143166644451f3aa4fe80253269","13484444","1713758235","2024-04-22 03:57:15","0x14270e982a655abf7927ab4ffc11142ddecda25d","0x3fc91a3afd70395cd496c647d5a6cc9d4b2b7fad","","0","0.047","150.716150686338","0.000011050300950901","0.0354352941116037","","","","Execute",""
"0xea7ea5d17c2b241ee45f6996654d2f0564e13281ea74243a3619fe186dfbc74d","13484566","1713758479","2024-04-22 04:01:19","0x14270e982a655abf7927ab4ffc11142ddecda25d","0x3fc91a3afd70395cd496c647d5a6cc9d4b2b7fad","","0","0.0159","50.986953104527","0.000012388898722292","0.0397278112056753","","","","Execute",""
"0xd5649a00edef66a7483a6f2a819ed68a1167d08fa30e11d096147ef45e675c1f","13498996","1713787339","2024-04-22 12:02:19","0x14270e982a655abf7927ab4ffc11142ddecda25d","0x3fc91a3afd70395cd496c647d5a6cc9d4b2b7fad","","0","0.0315","101.01188822595","0.000022145948762503","0.0710160032081131","","","","Execute",""
"0x645d276c7ae544f9d16ad15a59692ed80ce32ca1faf6d7e826390d47b492be4a","13499281","1713787909","2024-04-22 12:11:49","0x14270e982a655abf7927ab4ffc11142ddecda25d","0x3fc91a3afd70395cd496c647d5a6cc9d4b2b7fad","","0","0.006385","20.4749494070695","0.000022534855908787","0.0722631221030563","","Error(0)","execution reverted","Execute",""
"0xe6de951fe5df4e2f12ba33302de84851fbd5be48b61836ee5f971796cb294b45","13499331","1713788009","2024-04-22 12:13:29","0x14270e982a655abf7927ab4ffc11142ddecda25d","0x3fc91a3afd70395cd496c647d5a6cc9d4b2b7fad","","0","0.00651","20.8757902333629","0.000022360777603307","0.0717049005685894","","","","Execute",""
"0xeeac5426b2dd3cd040cb27d3b04466b402cb2c893e03857025be08eb718f711c","13500524","1713790395","2024-04-22 12:53:15","0x14270e982a655abf7927ab4ffc11142ddecda25d","0x3fc91a3afd70395cd496c647d5a6cc9d4b2b7fad","","0","0","0","0.000020269410239258","0.0649984571902809","","","","Execute",""
"0x481394c2d784dc1977cbbce3a257c5ac166d89754f529801dec68d16cbf28f53","13500938","1713791223","2024-04-22 13:07:03","0x14270e982a655abf7927ab4ffc11142ddecda25d","0x3fc91a3afd70395cd496c647d5a6cc9d4b2b7fad","","0","0.0315","101.01188822595","0.000020638753956569","0.0661828415169468","","","","Execute",""
"0x32064aa8b42298f2c23ad4ca62861580ee5c2eaed5e7c52886a7b9fbb2bff5ef","13501330","1713792007","2024-04-22 13:20:07","0x14270e982a655abf7927ab4ffc11142ddecda25d","0x3fc91a3afd70395cd496c647d5a6cc9d4b2b7fad","","0","0","0","0.000019340877363951","0.0620209061104514","","","","Execute",""
"0xa0fbf5c301f24ca64c7d6d3bb3c92c7294b66b510abdf06b7e266d7ef8d3ca0c","13501592","1713792531","2024-04-22 13:28:51","0x14270e982a655abf7927ab4ffc11142ddecda25d","0x3fc91a3afd70395cd496c647d5a6cc9d4b2b7fad","","0","0.033","105.821978141471","0.000019721566254573","0.0632416713062727","","","","Execute",""
"0xeabce5c3afb195f610d5900c51c0d8ea637e6ebd42b417b9ad30850a3afae80d","13506259","1713801865","2024-04-22 16:04:25","0x14270e982a655abf7927ab4ffc11142ddecda25d","0x3fc91a3afd70395cd496c647d5a6cc9d4b2b7fad","","0","0.031","99.4085249207759","0.000054003262111098","0.173173697657235","","","","Execute",""
"0x7892d1800ad4593f2088882abce990df55c815e6c3c0ccaaec21ff1b05d2b9bc","13506590","1713802527","2024-04-22 16:15:27","0x14270e982a655abf7927ab4ffc11142ddecda25d","0x3fc91a3afd70395cd496c647d5a6cc9d4b2b7fad","","0","0.063","202.023776451899","0.00003940067144661","0.126347181593408","","Error(0)","execution reverted","Execute",""
"0xa730a9f0c52cec5af9a9d28eebc9d3e99d640b635ac2df05df6faafb3f22ca30","13506615","1713802577","2024-04-22 16:16:17","0x14270e982a655abf7927ab4ffc11142ddecda25d","0x3fc91a3afd70395cd496c647d5a6cc9d4b2b7fad","","0","0.063","202.023776451899","0.00003674229391194","0.117822491612631","","","","Execute",""
"0x871fb0ebb1f0c8ee4a818f4871c8b61221d48ac6f8baf9126eaf298e71074097","13511378","1713812103","2024-04-22 18:55:03","0x14270e982a655abf7927ab4ffc11142ddecda25d","0x3fc91a3afd70395cd496c647d5a6cc9d4b2b7fad","","0","0","0","0.00004122952869602","0.132211826801618","","","","Execute",""
"0x62e6b072bda87dfcf69ca1f0fee4fbe12a716ed5fe5a401b11d6ee8e1d2b5496","13515811","1713820969","2024-04-22 21:22:49","0x14270e982a655abf7927ab4ffc11142ddecda25d","0x3fc91a3afd70395cd496c647d5a6cc9d4b2b7fad","","0","0.008","25.6538128827809","0.000012348173064325","0.0395972151545486","","","","Execute",""
